chain,resnum,icode,resname,binding_prob,predicted
B,28,,ASN,0.7988,1
D,28,,ASN,0.7274,1
B,356,,VAL,0.7132,1
C,13,,GLY,0.7065,1
A,13,,GLY,0.7031,1
C,356,,VAL,0.7028,1
C,28,,ASN,0.7019,1
D,35,,SER,0.6974,1
A,28,,ASN,0.6965,1
D,339,,GLU,0.6958,1
D,13,,GLY,0.6955,1
A,34,,GLY,0.6944,1
D,356,,VAL,0.6941,1
C,339,,GLU,0.6931,1
A,356,,VAL,0.6913,1
B,13,,GLY,0.6909,1
D,155,,CYS,0.6872,1
B,155,,CYS,0.6862,1
B,217,,CYS,0.68,1
B,34,,GLY,0.6722,1
A,37,,ASN,0.6706,1
C,217,,CYS,0.6696,1
A,35,,SER,0.663,1
D,34,,GLY,0.6589,1
C,179,,ILE,0.6585,1
C,155,,CYS,0.6576,1
C,35,,SER,0.6568,1
B,35,,SER,0.6525,1
A,210,,GLY,0.6505,1
C,34,,GLY,0.6503,1
A,155,,CYS,0.645,1
A,360,,HIS,0.6431,1
D,332,,VAL,0.6411,1
D,231,,THR,0.637,1
C,210,,GLY,0.6268,1
B,231,,THR,0.6261,1
A,284,,SER,0.6248,1
A,359,,CYS,0.6236,1
C,332,,VAL,0.6235,1
D,32,,ASP,0.6193,1
A,217,,CYS,0.616,1
D,217,,CYS,0.613,1
D,153,,GLN,0.6114,1
D,179,,ILE,0.6113,1
C,37,,ASN,0.6112,1
B,359,,CYS,0.6111,1
C,231,,THR,0.6093,1
A,32,,ASP,0.6092,1
C,359,,CYS,0.6086,1
A,47,,PHE,0.6085,1
B,288,,MET,0.6084,1
A,231,,THR,0.6064,1
B,224,,LYS,0.6049,1
B,210,,GLY,0.6043,1
B,339,,GLU,0.6031,1
D,10,,SER,0.6028,1
D,210,,GLY,0.6028,1
D,359,,CYS,0.6021,1
A,224,,LYS,0.6011,1
B,360,,HIS,0.5994,1
B,332,,VAL,0.5992,1
C,232,,THR,0.597,1
B,32,,ASP,0.5961,1
B,284,,SER,0.5959,1
C,224,,LYS,0.5947,1
A,339,,GLU,0.5944,1
C,288,,MET,0.5933,1
C,360,,HIS,0.5929,1
C,153,,GLN,0.5919,1
B,179,,ILE,0.5869,1
C,51,,TYR,0.5825,1
D,288,,MET,0.5811,1
D,5,,ASN,0.5792,1
D,198,,TYR,0.5784,1
C,198,,TYR,0.577,1
A,332,,VAL,0.5757,1
B,153,,GLN,0.5752,1
D,224,,LYS,0.574,1
D,360,,HIS,0.5739,1
A,153,,GLN,0.5727,1
A,123,,TYR,0.5716,1
D,284,,SER,0.5705,1
A,198,,TYR,0.5688,1
A,226,,ILE,0.5675,1
B,232,,THR,0.5652,1
B,37,,ASN,0.5652,1
A,5,,ASN,0.5636,1
B,156,,GLY,0.5631,1
A,288,,MET,0.5623,1
C,10,,SER,0.5611,1
A,159,,PHE,0.5599,1
D,226,,ILE,0.5585,1
A,251,,ALA,0.5574,1
B,198,,TYR,0.5562,1
C,226,,ILE,0.5557,1
C,156,,GLY,0.5551,1
C,32,,ASP,0.5545,1
D,159,,PHE,0.554,1
C,206,,VAL,0.551,1
B,159,,PHE,0.5506,1
A,156,,GLY,0.5494,1
B,5,,ASN,0.5488,1
D,262,,TRP,0.5488,1
B,205,,ARG,0.5472,1
C,90,,GLY,0.5463,1
D,51,,TYR,0.5439,1
D,365,,PHE,0.5437,1
D,156,,GLY,0.5411,1
B,47,,PHE,0.5399,1
C,159,,PHE,0.5397,1
C,8,,GLY,0.539,1
D,123,,TYR,0.5379,1
B,262,,TRP,0.5365,1
D,232,,THR,0.5313,1
C,123,,TYR,0.5305,1
B,251,,ALA,0.5304,1
C,284,,SER,0.5296,1
A,262,,TRP,0.5295,1
C,5,,ASN,0.5283,1
A,8,,GLY,0.5255,1
A,51,,TYR,0.5224,1
D,205,,ARG,0.5224,1
B,123,,TYR,0.5217,1
B,366,,ARG,0.5213,1
C,251,,ALA,0.5211,1
C,262,,TRP,0.5203,1
B,10,,SER,0.5195,1
B,158,,GLY,0.5184,1
C,115,,TRP,0.5167,1
D,37,,ASN,0.5165,1
B,8,,GLY,0.5159,1
A,179,,ILE,0.5158,1
B,51,,TYR,0.5103,1
A,241,,PHE,0.5084,1
D,158,,GLY,0.5064,1
A,232,,THR,0.5055,1
A,236,,LEU,0.5054,1
B,289,,GLY,0.5054,1
B,230,,GLY,0.504,1
B,228,,ASP,0.5031,1
B,226,,ILE,0.5019,1
C,158,,GLY,0.498,1
C,230,,GLY,0.4961,1
C,384,,TYR,0.4958,1
D,251,,ALA,0.4954,1
A,365,,PHE,0.4944,1
D,230,,GLY,0.4943,1
A,228,,ASP,0.4933,1
C,366,,ARG,0.4925,1
C,228,,ASP,0.4915,1
A,158,,GLY,0.4913,1
A,30,,LEU,0.4913,1
A,263,,LEU,0.4901,1
B,115,,TRP,0.4891,1
C,236,,LEU,0.4882,1
C,299,,THR,0.4878,1
B,204,,VAL,0.4872,1
B,209,,ASN,0.4854,1
C,346,,ASP,0.4851,1
A,149,,LEU,0.483,1
D,229,,SER,0.4829,1
C,365,,PHE,0.4823,1
D,228,,ASP,0.4806,1
A,230,,GLY,0.4799,1
A,98,,ASN,0.4798,1
B,365,,PHE,0.4786,1
A,10,,SER,0.4758,1
B,236,,LEU,0.4757,1
D,278,,ASN,0.4733,1
A,197,,TRP,0.4727,1
A,90,,GLY,0.4721,1
A,346,,ASP,0.4696,1
C,30,,LEU,0.4684,1
D,30,,LEU,0.4683,1
D,204,,VAL,0.4681,1
D,8,,GLY,0.468,1
A,96,,ARG,0.4656,1
D,47,,PHE,0.4654,1
B,207,,GLU,0.4632,1
B,299,,THR,0.4611,1
D,346,,ASP,0.4601,1
D,115,,TRP,0.4558,1
A,206,,VAL,0.4538,1
D,11,,GLY,0.4537,1
C,289,,GLY,0.4513,1
D,307,,ARG,0.4479,1
A,278,,ASN,0.4471,0
B,149,,LEU,0.4463,0
C,47,,PHE,0.4459,0
A,115,,TRP,0.4445,0
A,299,,THR,0.4445,0
A,21,,GLY,0.4438,0
B,30,,LEU,0.4438,0
B,346,,ASP,0.4421,0
C,268,,VAL,0.441,0
C,96,,ARG,0.4409,0
D,366,,ARG,0.4403,0
C,149,,LEU,0.4402,0
A,205,,ARG,0.4399,0
D,236,,LEU,0.4393,0
C,197,,TRP,0.439,0
D,277,,TRP,0.4376,0
C,269,,CYS,0.4375,0
D,327,,SER,0.4368,0
C,278,,ASN,0.4366,0
B,202,,ILE,0.4354,0
C,370,,VAL,0.4349,0
D,149,,LEU,0.4346,0
B,189,,TRP,0.4326,0
B,278,,ASN,0.4326,0
A,204,,VAL,0.4305,0
B,277,,TRP,0.4297,0
A,189,,TRP,0.429,0
C,116,,GLU,0.429,0
D,207,,GLU,0.4289,0
C,205,,ARG,0.4284,0
C,327,,SER,0.4282,0
B,370,,VAL,0.4245,0
A,277,,TRP,0.4214,0
A,328,,SER,0.4204,0
A,108,,PHE,0.4203,0
B,384,,TYR,0.4198,0
D,384,,TYR,0.4183,0
A,368,,ALA,0.4175,0
A,384,,TYR,0.4174,0
D,370,,VAL,0.4163,0
C,277,,TRP,0.4162,0
D,299,,THR,0.4162,0
B,96,,ARG,0.4161,0
B,327,,SER,0.416,0
A,370,,VAL,0.4143,0
D,200,,GLU,0.4133,0
B,304,,GLN,0.4124,0
C,189,,TRP,0.4122,0
C,207,,GLU,0.412,0
C,204,,VAL,0.4115,0
C,63,,LEU,0.4114,0
C,200,,GLU,0.411,0
D,189,,TRP,0.4097,0
C,318,,ASP,0.4092,0
D,202,,ILE,0.4084,0
B,21,,GLY,0.4078,0
B,90,,GLY,0.4075,0
A,327,,SER,0.4057,0
D,60,,TYR,0.405,0
C,202,,ILE,0.4041,0
D,304,,GLN,0.4034,0
D,197,,TRP,0.4034,0
D,7,,ARG,0.4009,0
C,369,,ALA,0.3983,0
C,176,,ILE,0.3959,0
C,304,,GLN,0.3958,0
C,282,,VAL,0.3957,0
D,206,,VAL,0.3952,0
C,328,,SER,0.3947,0
B,307,,ARG,0.3943,0
D,96,,ARG,0.3931,0
D,328,,SER,0.3931,0
A,279,,ILE,0.3925,0
A,282,,VAL,0.3923,0
B,108,,PHE,0.3922,0
B,241,,PHE,0.3903,0
B,200,,GLU,0.3901,0
D,108,,PHE,0.3899,0
B,229,,SER,0.3897,0
D,21,,GLY,0.3887,0
D,282,,VAL,0.3878,0
B,279,,ILE,0.3872,0
B,197,,TRP,0.3867,0
B,47,P,PHE,0.3866,0
A,366,,ARG,0.3864,0
D,279,,ILE,0.3862,0
B,282,,VAL,0.3856,0
A,229,,SER,0.3833,0
A,211,,GLN,0.3825,0
B,328,,SER,0.3806,0
C,283,,ILE,0.3806,0
B,211,,GLN,0.3801,0
B,369,,ALA,0.3799,0
A,49,,HIS,0.3797,0
A,304,,GLN,0.3791,0
B,206,,VAL,0.3788,0
A,60,,TYR,0.3781,0
C,263,,LEU,0.3773,0
B,60,,TYR,0.3748,0
D,186,,GLY,0.3747,0
C,209,,ASN,0.373,0
C,84,,LEU,0.3729,0
A,318,,ASP,0.3724,0
A,186,,GLY,0.3717,0
C,108,,PHE,0.3705,0
B,318,,ASP,0.3703,0
A,202,,ILE,0.3701,0
A,134,,GLU,0.3675,0
C,279,,ILE,0.3673,0
D,209,,ASN,0.3669,0
C,60,,TYR,0.3653,0
C,98,,ASN,0.3651,0
C,229,,SER,0.3649,0
D,17,,GLU,0.3643,0
C,74,,GLY,0.3613,0
C,3,,VAL,0.361,0
B,9,,LYS,0.3609,0
D,190,,TYR,0.3608,0
D,263,,LEU,0.3604,0
D,269,,CYS,0.3599,0
B,63,,LEU,0.3592,0
D,84,,LEU,0.3576,0
A,283,,ILE,0.353,0
C,114,,ASN,0.3525,0
C,21,,GLY,0.3522,0
C,9,,LYS,0.3515,0
D,116,,GLU,0.3512,0
C,186,,GLY,0.351,0
A,3,,VAL,0.3505,0
B,347,,ARG,0.3492,0
A,200,,GLU,0.3487,0
B,267,,LEU,0.3476,0
B,215,,MET,0.3475,0
D,134,,GLU,0.3469,0
B,126,,ILE,0.346,0
D,347,,ARG,0.3453,0
A,369,,ALA,0.3451,0
C,135,,PRO,0.3428,0
C,215,,MET,0.3392,0
B,49,,HIS,0.3382,0
C,134,,GLU,0.3379,0
D,57,,SER,0.3375,0
B,148,,ASN,0.3364,0
D,3,,VAL,0.3363,0
A,209,,ASN,0.3358,0
A,116,,GLU,0.3347,0
A,194,,ARG,0.3343,0
C,349,,ARG,0.3341,0
A,171,,GLY,0.3324,0
C,211,,GLN,0.332,0
B,116,,GLU,0.3316,0
A,114,,ASN,0.3313,0
A,148,,ASN,0.3313,0
D,50,,ARG,0.3309,0
D,318,,ASP,0.3308,0
B,50,,ARG,0.33,0
B,190,,TYR,0.3296,0
C,237,,PRO,0.329,0
B,74,,GLY,0.329,0
A,289,,GLY,0.3289,0
A,367,,THR,0.3287,0
C,276,,PRO,0.3286,0
B,186,,GLY,0.3286,0
A,9,,LYS,0.3279,0
A,207,,GLU,0.3275,0
A,128,,ARG,0.3267,0
A,322,,PHE,0.3267,0
A,347,,ARG,0.3266,0
B,371,,GLU,0.3264,0
A,303,,GLN,0.3256,0
C,144,,THR,0.3253,0
C,87,,ILE,0.3251,0
B,84,,LEU,0.3247,0
C,308,,PRO,0.3244,0
C,267,,LEU,0.3243,0
D,38,,PHE,0.3232,0
D,90,,GLY,0.3228,0
D,74,,GLY,0.3227,0
A,135,,PRO,0.3224,0
A,349,,ARG,0.3224,0
D,26,,THR,0.3224,0
D,98,,ASN,0.3218,0
A,109,,PHE,0.3215,0
D,99,,ILE,0.3209,0
D,222,,TYR,0.3205,0
C,54,,ARG,0.3187,0
C,194,,ARG,0.3172,0
B,87,,ILE,0.3171,0
B,363,,ASP,0.3169,0
C,307,,ARG,0.3168,0
A,269,,CYS,0.3166,0
B,368,,ALA,0.3154,0
D,49,,HIS,0.3153,0
B,349,,ARG,0.3145,0
A,190,,TYR,0.3144,0
A,47,P,PHE,0.3141,0
B,135,,PRO,0.3138,0
A,176,,ILE,0.3132,0
C,26,,THR,0.3125,0
D,363,,ASP,0.3117,0
C,148,,ASN,0.3117,0
D,247,,SER,0.3115,0
A,184,,TYR,0.3106,0
C,371,,GLU,0.3105,0
C,241,,PHE,0.31,0
D,54,,ARG,0.3098,0
B,308,,PRO,0.3096,0
D,215,,MET,0.3092,0
D,369,,ALA,0.309,0
D,368,,ALA,0.3081,0
D,86,,SER,0.308,0
B,247,,SER,0.3072,0
C,222,,TYR,0.3065,0
D,211,,GLN,0.3063,0
C,38,,PHE,0.3048,0
A,308,,PRO,0.3046,0
A,84,,LEU,0.3039,0
B,128,,ARG,0.3035,0
D,148,,ASN,0.303,0
C,17,,GLU,0.3028,0
A,371,,GLU,0.3024,0
A,247,,SER,0.3022,0
C,363,,ASP,0.3021,0
C,357,,SER,0.3007,0
D,361,,VAL,0.3005,0
B,98,,ASN,0.3004,0
C,213,,LEU,0.3003,0
D,176,,ILE,0.3002,0
A,157,,ALA,0.2998,0
C,293,,ASN,0.2998,0
A,323,,ALA,0.2997,0
A,357,,SER,0.2994,0
D,303,,GLN,0.299,0
A,54,,ARG,0.2989,0
A,17,,GLU,0.2989,0
B,3,,VAL,0.2987,0
D,114,,ASN,0.2984,0
A,215,,MET,0.2984,0
D,128,,ARG,0.2983,0
A,177,,GLY,0.2983,0
C,247,,SER,0.2981,0
C,69,,VAL,0.2976,0
B,176,,ILE,0.2974,0
C,86,,SER,0.2973,0
A,372,,GLY,0.297,0
A,270,,TRP,0.297,0
A,66,,GLY,0.2965,0
C,190,,TYR,0.2958,0
B,250,,ALA,0.2952,0
C,66,,GLY,0.2951,0
D,372,,GLY,0.2947,0
D,196,,GLU,0.2944,0
B,269,,CYS,0.2944,0
A,383,,GLY,0.2944,0
B,66,,GLY,0.2932,0
D,241,,PHE,0.2929,0
B,93,,VAL,0.2923,0
D,213,,LEU,0.2916,0
D,267,,LEU,0.2914,0
B,350,,LYS,0.2913,0
A,276,,PRO,0.2895,0
C,372,,GLY,0.2892,0
B,17,,GLU,0.2889,0
C,270,,TRP,0.2883,0
D,68,,TYR,0.2882,0
C,160,,PRO,0.2876,0
A,267,,LEU,0.2865,0
C,50,,ARG,0.2864,0
C,7,,ARG,0.2864,0
B,383,,GLY,0.286,0
C,312,,VAL,0.286,0
A,222,,TYR,0.2857,0
D,270,,TRP,0.2856,0
B,372,,GLY,0.2856,0
C,48,,LEU,0.2854,0
B,7,,ARG,0.2854,0
A,363,,ASP,0.2851,0
B,124,,ALA,0.2848,0
B,112,,GLY,0.2847,0
C,325,,SER,0.2846,0
A,350,,LYS,0.2838,0
B,178,,GLY,0.283,0
C,184,,TYR,0.2819,0
B,222,,TYR,0.2819,0
C,47,P,PHE,0.2814,0
A,50,,ARG,0.2812,0
B,54,,ARG,0.2802,0
B,196,,GLU,0.2797,0
A,26,,THR,0.2797,0
D,47,P,PHE,0.2794,0
B,283,,ILE,0.279,0
A,74,,GLY,0.2787,0
B,184,,TYR,0.2785,0
B,194,,ARG,0.2783,0
A,63,,LEU,0.2783,0
C,171,,GLY,0.2779,0
D,276,,PRO,0.2778,0
D,289,,GLY,0.2765,0
C,290,,GLU,0.2763,0
D,275,,THR,0.2757,0
B,26,,THR,0.2752,0
B,38,,PHE,0.275,0
A,307,,ARG,0.2742,0
A,361,,VAL,0.274,0
A,325,,SER,0.2735,0
C,377,,LEU,0.2728,0
C,42,,ALA,0.2722,0
D,135,,PRO,0.272,0
C,196,,GLU,0.2715,0
C,157,,ALA,0.2715,0
A,196,,GLU,0.2714,0
B,323,,ALA,0.2713,0
B,275,,THR,0.2713,0
C,49,,HIS,0.2712,0
B,270,,TRP,0.271,0
B,134,,GLU,0.2707,0
A,87,,ILE,0.2701,0
D,322,,PHE,0.27,0
B,237,,PRO,0.27,0
A,144,,THR,0.27,0
B,144,,THR,0.2688,0
A,112,,GLY,0.2685,0
A,69,,VAL,0.2683,0
A,275,,THR,0.2683,0
D,184,,TYR,0.2681,0
C,330,,GLY,0.2677,0
A,38,,PHE,0.2671,0
D,367,,THR,0.2671,0
A,12,,GLN,0.2667,0
B,129,,PRO,0.2666,0
D,323,,ALA,0.2655,0
C,347,,ARG,0.2653,0
D,264,,GLY,0.2644,0
C,220,,TYR,0.2642,0
A,250,,ALA,0.2642,0
C,147,,PRO,0.2639,0
B,276,,PRO,0.2635,0
D,194,,ARG,0.2631,0
C,275,,THR,0.2628,0
D,357,,SER,0.2626,0
A,57,,SER,0.2622,0
B,145,,HIS,0.262,0
B,367,,THR,0.2618,0
D,161,,LEU,0.2617,0
D,126,,ILE,0.2616,0
D,93,,VAL,0.2609,0
D,297,,ARG,0.2608,0
C,57,,SER,0.2604,0
B,71,,TYR,0.2601,0
C,323,,ALA,0.2597,0
B,377,,LEU,0.2592,0
D,66,,GLY,0.2586,0
B,379,,MET,0.2585,0
C,71,,TYR,0.2582,0
C,126,,ILE,0.2581,0
B,114,,ASN,0.2581,0
B,325,,SER,0.2579,0
A,71,,TYR,0.2577,0
C,65,,LYS,0.2574,0
C,212,,ASP,0.2565,0
D,9,,LYS,0.2559,0
B,171,,GLY,0.2556,0
D,171,,GLY,0.2552,0
B,57,,SER,0.2547,0
C,93,,VAL,0.2545,0
D,112,,GLY,0.2545,0
A,237,,PRO,0.2536,0
D,157,,ALA,0.2533,0
D,109,,PHE,0.2531,0
B,221,,ASN,0.2531,0
A,126,,ILE,0.253,0
C,321,,LYS,0.2512,0
C,303,,GLN,0.251,0
A,379,,MET,0.251,0
C,124,,ALA,0.2503,0
C,376,,THR,0.2503,0
D,317,,ASP,0.25,0
C,361,,VAL,0.2495,0
B,136,,PHE,0.2494,0
B,157,,ALA,0.2493,0
A,195,,ARG,0.2492,0
C,97,,ALA,0.2491,0
B,220,,TYR,0.2484,0
A,86,,SER,0.248,0
B,303,,GLN,0.2479,0
B,297,,ARG,0.2475,0
D,221,,ASN,0.2474,0
C,68,,TYR,0.2473,0
A,160,,PRO,0.247,0
C,379,,MET,0.2468,0
C,383,,GLY,0.2466,0
B,86,,SER,0.2458,0
B,69,,VAL,0.2457,0
B,213,,LEU,0.2448,0
D,371,,GLU,0.2441,0
A,377,,LEU,0.2441,0
D,56,,LEU,0.244,0
A,113,,SER,0.2435,0
B,239,,LYS,0.2434,0
C,137,,PHE,0.2432,0
A,330,,GLY,0.2432,0
B,223,,ASP,0.2431,0
D,136,,PHE,0.2427,0
D,78,,GLY,0.2426,0
D,145,,HIS,0.2423,0
B,68,,TYR,0.2421,0
A,99,,ILE,0.242,0
D,250,,ALA,0.241,0
C,109,,PHE,0.2407,0
A,297,,ARG,0.2406,0
B,78,,GLY,0.2401,0
A,213,,LEU,0.2396,0
A,68,,TYR,0.2394,0
C,195,,ARG,0.2391,0
D,31,,VAL,0.2391,0
C,19,,THR,0.2389,0
D,237,,PRO,0.2386,0
A,290,,GLU,0.2386,0
A,264,,GLY,0.2384,0
A,212,,ASP,0.2384,0
C,367,,THR,0.238,0
A,93,,VAL,0.238,0
D,137,,PHE,0.2378,0
D,257,,PHE,0.2375,0
D,308,,PRO,0.2375,0
A,312,,VAL,0.2366,0
A,136,,PHE,0.2365,0
C,297,,ARG,0.2364,0
A,233,,ASN,0.2356,0
A,56,,LEU,0.2344,0
A,94,,THR,0.234,0
B,160,,PRO,0.2335,0
D,320,,TYR,0.2334,0
D,69,,VAL,0.2332,0
A,286,,TYR,0.2327,0
C,78,,GLY,0.2315,0
D,71,,TYR,0.2312,0
D,325,,SER,0.2308,0
C,56,,LEU,0.2301,0
B,233,,ASN,0.2301,0
D,274,,THR,0.23,0
B,15,,TYR,0.2298,0
A,78,,GLY,0.2294,0
B,147,,PRO,0.229,0
B,56,,LEU,0.2286,0
A,170,,VAL,0.2285,0
C,350,,LYS,0.2284,0
A,137,,PHE,0.2278,0
B,187,,SER,0.2278,0
B,361,,VAL,0.2276,0
C,256,,LYS,0.2273,0
A,147,,PRO,0.2272,0
C,15,,TYR,0.2263,0
D,283,,ILE,0.2262,0
C,235,,ARG,0.226,0
C,136,,PHE,0.2256,0
B,11,,GLY,0.2255,0
B,376,,THR,0.2253,0
B,330,,GLY,0.2252,0
C,317,,ASP,0.2251,0
D,147,,PRO,0.225,0
C,82,,THR,0.225,0
D,383,,GLY,0.2248,0
A,124,,ALA,0.2246,0
C,188,,LEU,0.2238,0
B,170,,VAL,0.2235,0
C,239,,LYS,0.2231,0
A,320,,TYR,0.2231,0
B,351,,ARG,0.2226,0
D,321,,LYS,0.2224,0
B,164,,SER,0.2223,0
A,133,,LEU,0.2218,0
C,351,,ARG,0.2217,0
D,12,,GLN,0.2214,0
D,44,,PRO,0.221,0
B,188,,LEU,0.2207,0
B,357,,SER,0.2194,0
C,25,,GLN,0.2193,0
B,42,,ALA,0.2191,0
D,336,,VAL,0.2189,0
D,312,,VAL,0.2189,0
B,192,,PRO,0.2184,0
A,223,,ASP,0.2182,0
A,48,,LEU,0.2174,0
A,42,,ALA,0.2172,0
D,87,,ILE,0.2168,0
D,178,,GLY,0.2165,0
D,122,,ALA,0.2164,0
A,260,,GLY,0.2157,0
D,63,,LEU,0.2156,0
A,192,,PRO,0.2156,0
D,223,,ASP,0.2138,0
D,233,,ASN,0.2138,0
A,321,,LYS,0.2137,0
A,235,,ARG,0.2133,0
A,329,,THR,0.2131,0
A,65,,LYS,0.213,0
D,124,,ALA,0.2126,0
D,36,,SER,0.2118,0
C,329,,THR,0.2116,0
B,121,,LEU,0.2099,0
D,133,,LEU,0.2094,0
D,187,,SER,0.2093,0
B,65,,LYS,0.2092,0
D,335,,ALA,0.209,0
A,19,,THR,0.2083,0
C,133,,LEU,0.2081,0
B,43,,ALA,0.2074,0
B,177,,GLY,0.2073,0
B,25,,GLN,0.2061,0
D,25,,GLN,0.2058,0
B,245,,VAL,0.2057,0
C,22,,SER,0.2055,0
C,335,,ALA,0.2053,0
B,293,,ASN,0.2051,0
C,233,,ASN,0.2051,0
D,192,,PRO,0.205,0
C,177,,GLY,0.2043,0
A,220,,TYR,0.2042,0
D,48,,LEU,0.2041,0
C,322,,PHE,0.2038,0
B,320,,TYR,0.2035,0
A,118,,ILE,0.2034,0
C,264,,GLY,0.2031,0
B,12,,GLN,0.203,0
C,192,,PRO,0.2025,0
D,88,,PRO,0.2024,0
A,43,,ALA,0.2016,0
A,7,,ARG,0.2013,0
C,113,,SER,0.2013,0
A,22,,SER,0.2012,0
A,64,,ARG,0.2006,0
D,42,,ALA,0.2005,0
C,294,,GLN,0.2004,0
A,188,,LEU,0.2002,0
B,48,,LEU,0.2002,0
C,112,,GLY,0.2,0
C,99,,ILE,0.1991,0
A,257,,PHE,0.1988,0
B,260,,GLY,0.1986,0
A,178,,GLY,0.1976,0
C,183,,LEU,0.1975,0
D,65,,LYS,0.1974,0
B,195,,ARG,0.1971,0
C,12,,GLN,0.1967,0
C,118,,ILE,0.1963,0
D,53,,GLN,0.1961,0
B,97,,ALA,0.1961,0
C,45,,HIS,0.1959,0
B,19,,THR,0.1957,0
A,317,,ASP,0.1951,0
D,177,,GLY,0.1947,0
C,2,,MET,0.1946,0
A,351,,ARG,0.1945,0
A,221,,ASN,0.1944,0
D,379,,MET,0.1942,0
D,330,,GLY,0.1942,0
C,128,,ARG,0.194,0
C,129,,PRO,0.1938,0
A,132,,SER,0.1936,0
D,220,,TYR,0.1935,0
D,203,,ILE,0.1932,0
B,110,,ILE,0.1924,0
A,2,,MET,0.1923,0
D,170,,VAL,0.1922,0
A,239,,LYS,0.1922,0
B,22,,SER,0.1921,0
B,118,,ILE,0.192,0
C,336,,VAL,0.1919,0
D,329,,THR,0.1914,0
A,268,,VAL,0.1913,0
C,178,,GLY,0.1911,0
C,64,,ARG,0.1908,0
D,97,,ALA,0.1905,0
A,110,,ILE,0.1901,0
D,377,,LEU,0.1898,0
C,223,,ASP,0.1896,0
D,15,,TYR,0.1895,0
A,59,,THR,0.1892,0
B,64,,ARG,0.1892,0
B,321,,LYS,0.1891,0
A,121,,LEU,0.1888,0
D,22,,SER,0.1886,0
B,109,,PHE,0.1884,0
A,15,,TYR,0.1884,0
B,94,,THR,0.188,0
C,260,,GLY,0.188,0
B,256,,LYS,0.1877,0
C,221,,ASN,0.1876,0
B,212,,ASP,0.187,0
D,160,,PRO,0.1869,0
B,27,,LEU,0.1869,0
A,72,,THR,0.1866,0
C,43,,ALA,0.1865,0
C,110,,ILE,0.1864,0
B,2,,MET,0.1864,0
C,368,,ALA,0.1859,0
B,161,,LEU,0.1859,0
A,219,,GLU,0.1857,0
B,219,,GLU,0.1848,0
B,133,,LEU,0.1846,0
D,81,,GLY,0.1844,0
D,293,,ASN,0.1844,0
C,132,,SER,0.1843,0
B,180,,ASP,0.1842,0
A,335,,ALA,0.1838,0
B,166,,VAL,0.1836,0
D,376,,THR,0.1835,0
C,88,,PRO,0.1834,0
D,239,,LYS,0.1833,0
B,183,,LEU,0.1833,0
A,376,,THR,0.1831,0
A,166,,VAL,0.183,0
B,45,,HIS,0.183,0
C,161,,LEU,0.1829,0
B,263,,LEU,0.1828,0
C,53,,GLN,0.1824,0
A,319,,CYS,0.1821,0
D,268,,VAL,0.1815,0
B,336,,VAL,0.1814,0
C,170,,VAL,0.1813,0
A,70,,PRO,0.1807,0
D,110,,ILE,0.1804,0
C,243,,ALA,0.1799,0
C,102,,ILE,0.1798,0
D,2,,MET,0.1792,0
D,166,,VAL,0.1789,0
C,250,,ALA,0.1789,0
B,36,,SER,0.1787,0
D,102,,ILE,0.1787,0
D,183,,LEU,0.1786,0
A,161,,LEU,0.1786,0
C,257,,PHE,0.1785,0
B,374,,PHE,0.1785,0
A,25,,GLN,0.1784,0
B,329,,THR,0.1782,0
A,105,,SER,0.178,0
D,43,,ALA,0.1774,0
A,127,,ALA,0.1772,0
A,88,,PRO,0.177,0
A,336,,VAL,0.1768,0
D,45,,HIS,0.1768,0
C,295,,SER,0.1765,0
D,14,,TYR,0.1764,0
D,127,,ALA,0.1763,0
D,349,,ARG,0.176,0
A,294,,GLN,0.1759,0
C,320,,TYR,0.1755,0
B,14,,TYR,0.1754,0
D,118,,ILE,0.1753,0
D,374,,PHE,0.1748,0
B,274,,THR,0.1748,0
A,97,,ALA,0.1746,0
D,146,,VAL,0.1735,0
B,113,,SER,0.1735,0
C,193,,ILE,0.1728,0
D,113,,SER,0.1724,0
B,290,,GLU,0.1721,0
A,102,,ILE,0.1721,0
A,295,,SER,0.1715,0
B,311,,ASP,0.1713,0
D,350,,LYS,0.1709,0
D,121,,LEU,0.1704,0
A,169,,SER,0.1704,0
C,280,,PHE,0.1703,0
A,107,,LYS,0.1701,0
C,11,,GLY,0.17,0
B,82,,THR,0.1693,0
A,11,,GLY,0.1692,0
A,187,,SER,0.1691,0
A,129,,PRO,0.1688,0
B,257,,PHE,0.1683,0
B,268,,VAL,0.1682,0
A,53,,GLN,0.168,0
D,219,,GLU,0.1679,0
D,188,,LEU,0.1675,0
A,92,,ASN,0.1673,0
C,169,,SER,0.1671,0
B,88,,PRO,0.1669,0
B,335,,ALA,0.1663,0
C,67,,VAL,0.1661,0
A,27,,LEU,0.166,0
A,146,,VAL,0.1659,0
B,52,,TYR,0.1656,0
C,142,,LYS,0.1653,0
A,85,,VAL,0.1645,0
B,146,,VAL,0.1641,0
A,45,,HIS,0.164,0
C,374,,PHE,0.1634,0
C,79,,GLU,0.1633,0
C,166,,VAL,0.1628,0
D,129,,PRO,0.1621,0
C,121,,LEU,0.1621,0
D,256,,LYS,0.1617,0
A,89,,HIS,0.1616,0
D,351,,ARG,0.1615,0
B,294,,GLN,0.1613,0
C,219,,GLU,0.1605,0
C,319,,CYS,0.1588,0
A,331,,THR,0.1585,0
B,322,,PHE,0.1582,0
D,243,,ALA,0.1578,0
D,89,,HIS,0.1577,0
D,281,,PRO,0.1577,0
B,105,,SER,0.1573,0
B,169,,SER,0.1572,0
A,245,,VAL,0.1572,0
B,286,,TYR,0.1571,0
A,243,,ALA,0.157,0
D,319,,CYS,0.1568,0
B,243,,ALA,0.1567,0
C,52,,TYR,0.1565,0
B,99,,ILE,0.1563,0
C,59,,THR,0.1561,0
C,203,,ILE,0.1555,0
A,48,P,VAL,0.1541,0
C,101,,ALA,0.1537,0
A,183,,LEU,0.1531,0
C,127,,ALA,0.1518,0
C,238,,LYS,0.1514,0
B,53,,GLN,0.1512,0
D,309,,VAL,0.1511,0
B,89,,HIS,0.151,0
D,64,,ARG,0.1498,0
B,331,,THR,0.1498,0
A,193,,ILE,0.1497,0
B,167,,LEU,0.1492,0
D,225,,SER,0.1491,0
D,169,,SER,0.1491,0
A,180,,ASP,0.1488,0
B,127,,ALA,0.1477,0
C,16,,VAL,0.1474,0
C,27,,LEU,0.1466,0
B,272,,ALA,0.1457,0
C,36,,SER,0.1456,0
C,94,,THR,0.1454,0
D,167,,LEU,0.1454,0
D,19,,THR,0.1453,0
A,52,,TYR,0.1452,0
D,294,,GLN,0.1445,0
B,107,,LYS,0.1441,0
D,120,,GLY,0.1437,0
B,362,,HIS,0.1431,0
B,381,,ASP,0.1429,0
A,36,,SER,0.1429,0
B,104,,GLU,0.1426,0
D,82,,THR,0.1422,0
B,132,,SER,0.1421,0
D,143,,GLN,0.1413,0
C,89,,HIS,0.1412,0
D,311,,ASP,0.141,0
C,44,,PRO,0.1407,0
C,75,,LYS,0.1405,0
C,309,,VAL,0.1401,0
D,212,,ASP,0.14,0
A,174,,MET,0.1398,0
D,362,,HIS,0.1398,0
D,72,,THR,0.1396,0
D,27,,LEU,0.1396,0
D,285,,LEU,0.1391,0
D,104,,GLU,0.1384,0
A,374,,PHE,0.1383,0
C,14,,TYR,0.1381,0
A,208,,ILE,0.138,0
B,235,,ARG,0.1375,0
C,358,,ALA,0.1374,0
C,362,,HIS,0.1373,0
A,309,,VAL,0.1372,0
A,256,,LYS,0.1372,0
D,272,,ALA,0.137,0
C,254,,THR,0.1363,0
D,94,,THR,0.1362,0
A,104,,GLU,0.1358,0
C,285,,LEU,0.1357,0
B,59,,THR,0.1354,0
C,145,,HIS,0.1351,0
D,331,,THR,0.1349,0
D,333,,MET,0.1346,0
B,67,,VAL,0.1345,0
B,102,,ILE,0.1343,0
B,125,,GLU,0.1343,0
B,264,,GLY,0.1342,0
C,70,,PRO,0.1342,0
B,285,,LEU,0.1341,0
D,79,,GLU,0.134,0
D,164,,SER,0.1337,0
C,120,,GLY,0.1335,0
A,311,,ASP,0.1335,0
B,280,,PHE,0.1333,0
A,81,,GLY,0.1331,0
D,364,,GLU,0.1328,0
B,208,,ILE,0.1326,0
C,181,,HIS,0.1326,0
B,70,,PRO,0.1325,0
B,319,,CYS,0.1325,0
D,235,,ARG,0.1323,0
A,181,,HIS,0.1322,0
D,208,,ILE,0.1322,0
D,280,,PHE,0.132,0
B,281,,PRO,0.1317,0
C,164,,SER,0.1303,0
C,281,,PRO,0.1301,0
C,266,,GLN,0.1299,0
D,45,P,GLY,0.1298,0
D,245,,VAL,0.1298,0
C,72,,THR,0.1297,0
D,174,,MET,0.1293,0
A,272,,ALA,0.129,0
B,16,,VAL,0.1286,0
C,187,,SER,0.1283,0
A,82,,THR,0.1282,0
B,181,,HIS,0.1282,0
D,234,,LEU,0.128,0
D,141,,VAL,0.1269,0
B,364,,GLU,0.1269,0
C,105,,SER,0.1265,0
D,41,,GLY,0.1263,0
D,266,,GLN,0.1261,0
C,385,,ASN,0.126,0
C,245,,VAL,0.1258,0
D,59,,THR,0.1258,0
B,312,,VAL,0.1255,0
D,181,,HIS,0.1249,0
A,31,,VAL,0.1246,0
A,280,,PHE,0.1241,0
A,16,,VAL,0.1231,0
A,375,,VAL,0.1226,0
A,358,,ALA,0.1223,0
C,364,,GLU,0.1222,0
A,145,,HIS,0.122,0
D,119,,LEU,0.1219,0
B,81,,GLY,0.1218,0
C,258,,PRO,0.1217,0
B,201,,VAL,0.1212,0
C,208,,ILE,0.1202,0
B,295,,SER,0.1202,0
A,201,,VAL,0.12,0
B,119,,LEU,0.1196,0
D,85,,VAL,0.1195,0
A,75,,LYS,0.1192,0
C,61,,ARG,0.119,0
D,180,,ASP,0.1189,0
C,81,,GLY,0.1189,0
C,45,P,GLY,0.1186,0
C,311,,ASP,0.1181,0
A,203,,ILE,0.118,0
B,249,,LYS,0.118,0
B,254,,THR,0.1176,0
C,48,P,VAL,0.1175,0
B,122,,ALA,0.1172,0
A,362,,HIS,0.1168,0
D,375,,VAL,0.1166,0
A,313,,ALA,0.1166,0
C,234,,LEU,0.1159,0
C,252,,SER,0.1156,0
C,167,,LEU,0.1152,0
A,364,,GLU,0.115,0
A,55,,GLN,0.1148,0
D,326,,GLN,0.1147,0
D,55,,GLN,0.1144,0
D,260,,GLY,0.1143,0
D,195,,ARG,0.1143,0
C,174,,MET,0.1142,0
C,24,,PRO,0.1142,0
B,72,,THR,0.1141,0
A,44,,PRO,0.114,0
B,375,,VAL,0.1139,0
C,33,,THR,0.1137,0
A,119,,LEU,0.1135,0
D,52,,TYR,0.1135,0
B,341,,PHE,0.1135,0
D,315,,SER,0.1133,0
B,252,,SER,0.1126,0
D,33,,THR,0.1121,0
A,385,,ASN,0.1119,0
C,119,,LEU,0.1118,0
A,79,,GLU,0.1116,0
D,125,,GLU,0.1115,0
A,252,,SER,0.1112,0
D,101,,ALA,0.1109,0
C,92,,ASN,0.1104,0
C,77,,GLU,0.1104,0
D,252,,SER,0.1103,0
D,385,,ASN,0.1101,0
B,310,,GLU,0.1099,0
D,290,,GLU,0.1099,0
C,381,,ASP,0.1093,0
D,162,,ASN,0.1093,0
D,254,,THR,0.1091,0
B,55,,GLN,0.109,0
A,291,,VAL,0.1089,0
A,106,,ASP,0.1088,0
A,143,,GLN,0.1088,0
C,107,,LYS,0.1088,0
C,55,,GLN,0.1085,0
C,180,,ASP,0.1083,0
B,85,,VAL,0.1082,0
D,77,,GLU,0.108,0
A,281,,PRO,0.1077,0
C,85,,VAL,0.1074,0
B,238,,LYS,0.107,0
A,341,,PHE,0.1069,0
C,255,,GLU,0.1064,0
A,125,,GLU,0.1062,0
A,14,,TYR,0.1061,0
D,168,,ALA,0.106,0
B,91,,PRO,0.1058,0
B,92,,ASN,0.1056,0
C,341,,PHE,0.1055,0
B,48,P,VAL,0.1052,0
C,76,,TRP,0.1051,0
C,331,,THR,0.105,0
C,313,,ALA,0.1048,0
A,310,,GLU,0.1044,0
C,326,,GLN,0.1043,0
A,266,,GLN,0.1042,0
D,61,,ARG,0.1041,0
A,274,,THR,0.1039,0
D,48,P,VAL,0.1038,0
B,101,,ALA,0.103,0
A,326,,GLN,0.103,0
B,253,,SER,0.103,0
B,358,,ALA,0.1029,0
D,144,,THR,0.1027,0
B,45,P,GLY,0.1026,0
C,214,,LYS,0.1025,0
D,358,,ALA,0.1025,0
B,385,,ASN,0.1022,0
A,67,,VAL,0.1022,0
C,41,,GLY,0.102,0
B,193,,ILE,0.102,0
B,266,,GLN,0.1019,0
A,83,,ASP,0.1014,0
D,70,,PRO,0.1009,0
B,141,,VAL,0.1008,0
B,44,,PRO,0.1005,0
B,315,,SER,0.1004,0
D,286,,TYR,0.1002,0
C,143,,GLN,0.1001,0
D,24,,PRO,0.0999,0
D,238,,LYS,0.0997,0
C,310,,GLU,0.0995,0
B,185,,THR,0.0991,0
B,163,,GLN,0.0986,0
B,291,,VAL,0.0981,0
A,258,,PRO,0.098,0
C,185,,THR,0.0974,0
D,6,,LEU,0.0974,0
B,41,,GLY,0.0973,0
B,137,,PHE,0.0971,0
B,214,,LYS,0.097,0
A,45,P,GLY,0.0969,0
D,83,,ASP,0.0967,0
A,285,,LEU,0.0964,0
C,375,,VAL,0.0962,0
B,83,,ASP,0.0961,0
D,258,,PRO,0.0961,0
B,61,,ARG,0.096,0
A,61,,ARG,0.0958,0
A,111,,ASN,0.0955,0
B,255,,GLU,0.0954,0
D,255,,GLU,0.0952,0
C,146,,VAL,0.095,0
D,373,,PRO,0.0947,0
C,139,,SER,0.0945,0
A,167,,LEU,0.0944,0
A,381,,ASP,0.0943,0
B,162,,ASN,0.0943,0
C,83,,ASP,0.0937,0
D,105,,SER,0.0936,0
B,31,,VAL,0.0935,0
A,140,,LEU,0.0934,0
C,291,,VAL,0.0934,0
A,246,,LYS,0.0932,0
D,246,,LYS,0.0932,0
D,4,,ASP,0.0931,0
A,255,,GLU,0.093,0
B,76,,TRP,0.0928,0
A,249,,LYS,0.0927,0
D,16,,VAL,0.0925,0
A,254,,THR,0.0924,0
A,185,,THR,0.0922,0
A,234,,LEU,0.0921,0
C,382,,CYS,0.0919,0
B,317,,ASP,0.0917,0
A,91,,PRO,0.0915,0
D,341,,PHE,0.0913,0
B,24,,PRO,0.091,0
B,33,,THR,0.091,0
B,139,,SER,0.0909,0
B,258,,PRO,0.0908,0
A,139,,SER,0.0907,0
B,143,,GLN,0.0907,0
C,272,,ALA,0.0904,0
D,67,,VAL,0.0901,0
C,373,,PRO,0.09,0
A,168,,ALA,0.09,0
B,103,,THR,0.0898,0
A,164,,SER,0.0894,0
B,326,,GLN,0.0892,0
D,172,,GLY,0.0891,0
A,238,,LYS,0.0887,0
D,130,,ASP,0.088,0
D,140,,LEU,0.0879,0
B,225,,SER,0.0879,0
B,309,,VAL,0.0877,0
B,79,,GLU,0.0877,0
A,77,,GLU,0.0876,0
A,172,,GLY,0.0875,0
B,174,,MET,0.087,0
D,193,,ILE,0.0869,0
D,249,,LYS,0.0867,0
C,163,,GLN,0.0861,0
B,111,,ASN,0.0861,0
C,162,,ASN,0.0858,0
C,201,,VAL,0.0855,0
C,140,,LEU,0.0855,0
B,246,,LYS,0.0853,0
A,373,,PRO,0.0852,0
D,185,,THR,0.085,0
C,273,,GLY,0.0848,0
C,316,,GLN,0.0847,0
A,218,,LYS,0.0844,0
B,261,,PHE,0.0837,0
A,41,,GLY,0.0834,0
B,77,,GLU,0.0829,0
B,273,,GLY,0.0824,0
C,111,,ASN,0.0816,0
C,73,,GLN,0.0816,0
C,218,,LYS,0.0815,0
C,338,,MET,0.0811,0
A,4,,ASP,0.081,0
D,313,,ALA,0.0806,0
D,214,,LYS,0.0805,0
A,382,,CYS,0.0805,0
A,103,,THR,0.0804,0
B,168,,ALA,0.0803,0
B,373,,PRO,0.0799,0
D,132,,SER,0.0798,0
D,73,,GLN,0.0797,0
A,315,,SER,0.0794,0
A,293,,ASN,0.0792,0
B,244,,ALA,0.079,0
C,95,,VAL,0.079,0
B,142,,LYS,0.0785,0
A,162,,ASN,0.078,0
A,101,,ALA,0.0779,0
C,274,,THR,0.0775,0
C,168,,ALA,0.0767,0
B,120,,GLY,0.0765,0
A,131,,ASP,0.0764,0
D,218,,LYS,0.0763,0
A,130,,ASP,0.0761,0
A,214,,LYS,0.0759,0
C,249,,LYS,0.0758,0
B,75,,LYS,0.0756,0
A,24,,PRO,0.0755,0
D,273,,GLY,0.0754,0
D,107,,LYS,0.0754,0
A,273,,GLY,0.0738,0
B,106,,ASP,0.0738,0
A,261,,PHE,0.0737,0
C,348,,ALA,0.0733,0
D,95,,VAL,0.0732,0
D,76,,TRP,0.0728,0
D,142,,LYS,0.0725,0
A,141,,VAL,0.0721,0
D,103,,THR,0.0721,0
D,91,,PRO,0.072,0
B,73,,GLN,0.0719,0
D,163,,GLN,0.0715,0
B,6,,LEU,0.0714,0
C,141,,VAL,0.0714,0
C,104,,GLU,0.0709,0
B,340,,GLY,0.0707,0
A,95,,VAL,0.0706,0
B,138,,ASP,0.0706,0
C,246,,LYS,0.0703,0
A,76,,TRP,0.0703,0
C,225,,SER,0.0701,0
D,244,,ALA,0.0697,0
C,125,,GLU,0.0697,0
D,111,,ASN,0.0691,0
B,182,,SER,0.0689,0
D,338,,MET,0.0687,0
C,4,,ASP,0.0686,0
C,340,,GLY,0.0685,0
C,130,,ASP,0.0679,0
D,301,,LEU,0.0677,0
B,4,,ASP,0.0676,0
D,201,,VAL,0.0672,0
C,315,,SER,0.067,0
A,33,,THR,0.0667,0
C,261,,PHE,0.066,0
C,100,,ALA,0.0652,0
D,291,,VAL,0.065,0
B,172,,GLY,0.0644,0
A,142,,LYS,0.0644,0
B,95,,VAL,0.0643,0
C,380,,GLU,0.0635,0
C,106,,ASP,0.0633,0
A,333,,MET,0.0631,0
B,80,,LEU,0.063,0
B,130,,ASP,0.0622,0
A,46,,PRO,0.0609,0
C,182,,SER,0.0598,0
C,286,,TYR,0.0596,0
A,253,,SER,0.0594,0
C,244,,ALA,0.0592,0
D,106,,ASP,0.059,0
D,139,,SER,0.0587,0
C,172,,GLY,0.0585,0
D,100,,ALA,0.0585,0
C,131,,ASP,0.0582,0
A,120,,GLY,0.058,0
B,380,,GLU,0.0578,0
A,73,,GLN,0.0577,0
D,240,,VAL,0.0573,0
D,92,,ASN,0.0571,0
D,40,,VAL,0.057,0
A,163,,GLN,0.0568,0
D,23,,PRO,0.0564,0
B,140,,LEU,0.0564,0
D,261,,PHE,0.0563,0
B,131,,ASP,0.0559,0
C,103,,THR,0.0558,0
D,253,,SER,0.0557,0
B,203,,ILE,0.0556,0
A,6,,LEU,0.0555,0
C,298,,ILE,0.0554,0
A,348,,ALA,0.0553,0
B,348,,ALA,0.0552,0
D,75,,LYS,0.0551,0
A,380,,GLU,0.0549,0
A,244,,ALA,0.0544,0
B,316,,GLN,0.0543,0
C,23,,PRO,0.0543,0
D,216,,ASP,0.0539,0
B,46,,PRO,0.0538,0
A,23,,PRO,0.0534,0
D,340,,GLY,0.0532,0
D,131,,ASP,0.0531,0
C,253,,SER,0.0529,0
B,338,,MET,0.0529,0
B,382,,CYS,0.0522,0
D,316,,GLN,0.0522,0
C,306,,LEU,0.0519,0
A,182,,SER,0.0514,0
C,342,,TYR,0.0514,0
D,382,,CYS,0.0511,0
D,182,,SER,0.051,0
B,62,,ASP,0.0509,0
B,292,,THR,0.0507,0
D,271,,GLN,0.0504,0
C,165,,GLU,0.0496,0
D,62,,ASP,0.0494,0
C,91,,PRO,0.0487,0
C,62,,ASP,0.0486,0
C,199,,TYR,0.0486,0
C,333,,MET,0.0483,0
B,305,,TYR,0.0481,0
A,316,,GLN,0.048,0
B,40,,VAL,0.0476,0
A,62,,ASP,0.0476,0
B,301,,LEU,0.0476,0
D,300,,ILE,0.0475,0
D,295,,SER,0.0472,0
C,301,,LEU,0.0471,0
D,310,,GLU,0.0469,0
C,80,,LEU,0.0467,0
D,138,,ASP,0.0463,0
C,122,,ALA,0.0461,0
B,234,,LEU,0.0459,0
D,292,,THR,0.0456,0
B,313,,ALA,0.0456,0
A,122,,ALA,0.0456,0
D,165,,GLU,0.0453,0
A,80,,LEU,0.0451,0
B,23,,PRO,0.0446,0
A,100,,ALA,0.0446,0
C,324,,ILE,0.0442,0
A,165,,GLU,0.044,0
A,300,,ILE,0.0433,0
B,300,,ILE,0.0431,0
A,199,,TYR,0.0429,0
B,58,,SER,0.0429,0
C,300,,ILE,0.0423,0
D,80,,LEU,0.0421,0
C,46,,PRO,0.042,0
C,138,,ASP,0.0415,0
D,381,,ASP,0.0414,0
D,46,,PRO,0.0414,0
B,324,,ILE,0.0406,0
A,58,,SER,0.0404,0
D,259,,ASP,0.0394,0
B,165,,GLU,0.0387,0
C,58,,SER,0.0386,0
D,58,,SER,0.0385,0
D,380,,GLU,0.0383,0
B,199,,TYR,0.0371,0
C,216,,ASP,0.037,0
D,46,P,SER,0.0363,0
B,342,,TYR,0.0362,0
A,342,,TYR,0.0355,0
D,199,,TYR,0.0352,0
D,324,,ILE,0.0348,0
C,314,,THR,0.0347,0
A,301,,LEU,0.0345,0
A,305,,TYR,0.0345,0
D,173,,SER,0.0339,0
B,306,,LEU,0.0335,0
D,348,,ALA,0.0334,0
C,242,,GLU,0.0329,0
B,259,,ASP,0.0327,0
D,306,,LEU,0.0323,0
B,100,,ALA,0.0317,0
D,191,,THR,0.0317,0
A,340,,GLY,0.0315,0
D,305,,TYR,0.0302,0
B,271,,GLN,0.0298,0
D,314,,THR,0.0296,0
C,292,,THR,0.0295,0
C,305,,TYR,0.0289,0
A,216,,ASP,0.0286,0
A,259,,ASP,0.0275,0
B,242,,GLU,0.0267,0
C,46,P,SER,0.0266,0
A,324,,ILE,0.0266,0
A,271,,GLN,0.0265,0
A,292,,THR,0.026,0
A,338,,MET,0.0259,0
C,271,,GLN,0.0251,0
B,218,,LYS,0.0249,0
A,138,,ASP,0.0246,0
B,1,,GLU,0.024,0
B,173,,SER,0.0236,0
A,1,,GLU,0.0236,0
C,31,,VAL,0.0231,0
A,265,,GLU,0.0228,0
D,342,,TYR,0.0227,0
B,265,,GLU,0.0219,0
A,173,,SER,0.0216,0
B,333,,MET,0.0209,0
D,1,,GLU,0.0207,0
A,225,,SER,0.0205,0
A,306,,LEU,0.0202,0
A,298,,ILE,0.0198,0
A,40,,VAL,0.0196,0
C,173,,SER,0.0194,0
D,242,,GLU,0.0184,0
C,265,,GLU,0.0182,0
C,40,,VAL,0.0179,0
A,378,,ASP,0.0178,0
A,151,,SER,0.0177,0
A,191,,THR,0.0175,0
A,242,,GLU,0.0175,0
D,265,,GLU,0.0167,0
C,18,,MET,0.0165,0
B,46,P,SER,0.0161,0
B,154,,LEU,0.016,0
D,154,,LEU,0.0158,0
C,227,,VAL,0.0157,0
C,240,,VAL,0.0155,0
A,240,,VAL,0.0154,0
B,191,,THR,0.0153,0
B,18,,MET,0.0146,0
B,227,,VAL,0.0146,0
D,378,,ASP,0.0146,0
C,1,,GLU,0.0143,0
C,6,,LEU,0.0143,0
B,216,,ASP,0.014,0
C,259,,ASP,0.013,0
A,248,,ILE,0.0126,0
B,298,,ILE,0.0126,0
C,154,,LEU,0.0122,0
C,191,,THR,0.012,0
B,314,,THR,0.0117,0
C,354,,PHE,0.0117,0
B,240,,VAL,0.0105,0
D,298,,ILE,0.0104,0
C,302,,PRO,0.0103,0
B,302,,PRO,0.0103,0
D,302,,PRO,0.0103,0
A,302,,PRO,0.0103,0
A,227,,VAL,0.0098,0
B,378,,ASP,0.0098,0
A,150,,PHE,0.0092,0
D,150,,PHE,0.0092,0
C,378,,ASP,0.008,0
A,46,P,SER,0.0065,0
A,314,,THR,0.0063,0
C,353,,GLY,0.0061,0
A,18,,MET,0.006,0
B,150,,PHE,0.0059,0
D,296,,PHE,0.0058,0
D,151,,SER,0.0052,0
B,151,,SER,0.0052,0
B,337,,ILE,0.005,0
C,337,,ILE,0.0048,0
A,296,,PHE,0.0046,0
D,227,,VAL,0.0046,0
B,296,,PHE,0.0041,0
D,18,,MET,0.004,0
B,353,,GLY,0.0038,0
D,248,,ILE,0.0038,0
C,117,,GLY,0.0035,0
C,345,,PHE,0.0032,0
C,344,,VAL,0.003,0
A,287,,LEU,0.0029,0
C,150,,PHE,0.0028,0
C,151,,SER,0.0027,0
C,248,,ILE,0.0024,0
C,20,,VAL,0.0024,0
B,248,,ILE,0.0024,0
C,296,,PHE,0.0022,0
A,354,,PHE,0.002,0
A,154,,LEU,0.0019,0
A,344,,VAL,0.0016,0
B,343,,VAL,0.0015,0
A,334,,GLY,0.0015,0
D,353,,GLY,0.0013,0
C,334,,GLY,0.0013,0
D,334,,GLY,0.0013,0
B,334,,GLY,0.0013,0
A,345,,PHE,0.0012,0
A,117,,GLY,0.0011,0
D,117,,GLY,0.0011,0
B,117,,GLY,0.0011,0
A,353,,GLY,0.0011,0
B,344,,VAL,0.0008,0
D,20,,VAL,0.0004,0
B,20,,VAL,0.0004,0
A,20,,VAL,0.0004,0
D,344,,VAL,0.0004,0
D,39,,ALA,0.0003,0
D,337,,ILE,0.0003,0
B,39,,ALA,0.0003,0
D,355,,ALA,0.0002,0
D,175,,ILE,0.0002,0
C,39,,ALA,0.0002,0
A,175,,ILE,0.0002,0
B,175,,ILE,0.0002,0
C,175,,ILE,0.0002,0
A,39,,ALA,0.0002,0
A,337,,ILE,0.0002,0
A,355,,ALA,0.0001,0
C,355,,ALA,0.0001,0
B,355,,ALA,0.0001,0
A,352,,ILE,0.0,0
A,343,,VAL,0.0,0
A,29,,ILE,0.0,0
D,354,,PHE,0.0,0
D,152,,LEU,0.0,0
D,352,,ILE,0.0,0
C,287,,LEU,0.0,0
D,287,,LEU,0.0,0
A,152,,LEU,0.0,0
B,29,,ILE,0.0,0
D,29,,ILE,0.0,0
B,152,,LEU,0.0,0
C,343,,VAL,0.0,0
C,352,,ILE,0.0,0
B,352,,ILE,0.0,0
B,354,,PHE,0.0,0
B,345,,PHE,0.0,0
B,287,,LEU,0.0,0
C,29,,ILE,0.0,0
C,152,,LEU,0.0,0
D,345,,PHE,0.0,0
D,343,,VAL,0.0,0
